Name,ID,Duration,Folder,URL
PSYC3067_Library Research Skills_17Oct24,cc3ba934-f3c3-4963-bc02-b20c00e6ce17,00:42:13,fe0aa3a2-51e5-4231-becf-1306400b593b,https://southampton.cloud.panopto.eu/Panopto/Pages/Viewer.aspx?id=cc3ba934-f3c3-4963-bc02-b20c00e6ce17
Using Copilot for literature searching. SPOILER ALERT: don't!,1193c3b8-709a-4001-9817-b2060093ffde,00:05:28,fe0aa3a2-51e5-4231-becf-1306400b593b,https://southampton.cloud.panopto.eu/Panopto/Pages/Viewer.aspx?id=1193c3b8-709a-4001-9817-b2060093ffde
CHEM 6090 literature searching,815a21b2-86fd-4e1d-945c-b1ff00f4d806,00:18:29,fe0aa3a2-51e5-4231-becf-1306400b593b,https://southampton.cloud.panopto.eu/Panopto/Pages/Viewer.aspx?id=815a21b2-86fd-4e1d-945c-b1ff00f4d806
Library Research Skills - ECON PGT- 24-25,1e81e844-ffd7-4abf-8859-b1fc00e0ea68,00:21:49,fe0aa3a2-51e5-4231-becf-1306400b593b,https://southampton.cloud.panopto.eu/Panopto/Pages/Viewer.aspx?id=1e81e844-ffd7-4abf-8859-b1fc00e0ea68
ECON1018 - Library Research Skills-24-25,bb09ed3f-0ffb-4517-99d1-b1fc00941033,00:12:20,fe0aa3a2-51e5-4231-becf-1306400b593b,https://southampton.cloud.panopto.eu/Panopto/Pages/Viewer.aspx?id=bb09ed3f-0ffb-4517-99d1-b1fc00941033
Finding open acccess resources,38cbc141-aebf-462d-baa0-b1fb00dca65e,00:05:31,fe0aa3a2-51e5-4231-becf-1306400b593b,https://southampton.cloud.panopto.eu/Panopto/Pages/Viewer.aspx?id=38cbc141-aebf-462d-baa0-b1fb00dca65e
ECON3036_ Library Skills 1_24-25,79fb11b8-a1b3-4fae-aa41-b1fb00d91166,00:37:24,fe0aa3a2-51e5-4231-becf-1306400b593b,https://southampton.cloud.panopto.eu/Panopto/Pages/Viewer.aspx?id=79fb11b8-a1b3-4fae-aa41-b1fb00d91166
SSPC3004_LibraryResearchSkills,b01f78ce-9da5-4ed9-90b7-b1fc0009c1d6,00:31:05,fe0aa3a2-51e5-4231-becf-1306400b593b,https://southampton.cloud.panopto.eu/Panopto/Pages/Viewer.aspx?id=b01f78ce-9da5-4ed9-90b7-b1fc0009c1d6
SBS_Library resources for your module assessment_24-25,18931169-eb23-4744-8aab-b1f8009971bf,00:18:40,fe0aa3a2-51e5-4231-becf-1306400b593b,https://southampton.cloud.panopto.eu/Panopto/Pages/Viewer.aspx?id=18931169-eb23-4744-8aab-b1f8009971bf
Gen AI and searching: video 3 (evaluating information and research-specific tools),ad97d943-330c-44f7-a909-b1c001012516,00:04:12,fe0aa3a2-51e5-4231-becf-1306400b593b,https://southampton.cloud.panopto.eu/Panopto/Pages/Viewer.aspx?id=ad97d943-330c-44f7-a909-b1c001012516
Gen AI and searching: video 2 (bias and inaccuracies),2edf5048-2ee6-419f-b253-b1c000ca3b2c,00:01:56,fe0aa3a2-51e5-4231-becf-1306400b593b,https://southampton.cloud.panopto.eu/Panopto/Pages/Viewer.aspx?id=2edf5048-2ee6-419f-b253-b1c000ca3b2c
Gen AI and searching: video 1 (introduction),8a183b83-4bad-4ca9-8d54-b1c000b23a64,00:00:48,fe0aa3a2-51e5-4231-becf-1306400b593b,https://southampton.cloud.panopto.eu/Panopto/Pages/Viewer.aspx?id=8a183b83-4bad-4ca9-8d54-b1c000b23a64
Southampton Business School UG 2nd Years - Library Research Skills_23-24,2e683311-76e7-48af-a710-b16300e39d8d,00:32:36,fe0aa3a2-51e5-4231-becf-1306400b593b,https://southampton.cloud.panopto.eu/Panopto/Pages/Viewer.aspx?id=2e683311-76e7-48af-a710-b16300e39d8d
ECON2034 - Library Research Skills - Academic Integrity-23-24,aea599a2-954f-4460-9834-b12400eeb761,00:09:35,fe0aa3a2-51e5-4231-becf-1306400b593b,https://southampton.cloud.panopto.eu/Panopto/Pages/Viewer.aspx?id=aea599a2-954f-4460-9834-b12400eeb761
NPMS1030 Library session,1b60c80c-751d-4cf5-a75b-b11f00b615c0,00:39:07,fe0aa3a2-51e5-4231-becf-1306400b593b,https://southampton.cloud.panopto.eu/Panopto/Pages/Viewer.aspx?id=1b60c80c-751d-4cf5-a75b-b11f00b615c0
2024 Supervisors Overview RDM course,74772892-b8e7-4076-bd4f-b10d00e371f5,00:03:55,fe0aa3a2-51e5-4231-becf-1306400b593b,https://southampton.cloud.panopto.eu/Panopto/Pages/Viewer.aspx?id=74772892-b8e7-4076-bd4f-b10d00e371f5
Reading Lists promo video,058ba38a-f669-4895-87d6-b0f400b7ace7,00:00:50,fe0aa3a2-51e5-4231-becf-1306400b593b,https://southampton.cloud.panopto.eu/Panopto/Pages/Viewer.aspx?id=058ba38a-f669-4895-87d6-b0f400b7ace7
Publishing your research: Contact us,c1729ee9-9ccc-4eca-adb1-b0dd00ca9be4,00:00:09,fe0aa3a2-51e5-4231-becf-1306400b593b,https://southampton.cloud.panopto.eu/Panopto/Pages/Viewer.aspx?id=c1729ee9-9ccc-4eca-adb1-b0dd00ca9be4
Publishing your research: Project organisation & data management,06480868-8d62-40f6-a89e-b0dc009164d2,00:05:08,fe0aa3a2-51e5-4231-becf-1306400b593b,https://southampton.cloud.panopto.eu/Panopto/Pages/Viewer.aspx?id=06480868-8d62-40f6-a89e-b0dc009164d2
How to change to Gallery view to see the photos,fc673ad7-0cb6-4386-8ea0-b0d700fac35c,00:01:25,fe0aa3a2-51e5-4231-becf-1306400b593b,https://southampton.cloud.panopto.eu/Panopto/Pages/Viewer.aspx?id=fc673ad7-0cb6-4386-8ea0-b0d700fac35c
Publishing your research: Peer review,58a095c5-2cee-458e-bc9f-b0cf00ea49df,00:03:09,fe0aa3a2-51e5-4231-becf-1306400b593b,https://southampton.cloud.panopto.eu/Panopto/Pages/Viewer.aspx?id=58a095c5-2cee-458e-bc9f-b0cf00ea49df
Publishing your research: Preprints,a875fd91-c299-4d06-af9a-b0cf00bdfae6,00:03:13,fe0aa3a2-51e5-4231-becf-1306400b593b,https://southampton.cloud.panopto.eu/Panopto/Pages/Viewer.aspx?id=a875fd91-c299-4d06-af9a-b0cf00bdfae6
Publishing your research: Correspondence,bd6f96bd-679f-452b-a420-b0ce0101de3a,00:03:43,fe0aa3a2-51e5-4231-becf-1306400b593b,https://southampton.cloud.panopto.eu/Panopto/Pages/Viewer.aspx?id=bd6f96bd-679f-452b-a420-b0ce0101de3a
Publishing your research: Post-publication,879b1e05-3474-4939-8e31-b0d500d526fc,00:02:54,fe0aa3a2-51e5-4231-becf-1306400b593b,https://southampton.cloud.panopto.eu/Panopto/Pages/Viewer.aspx?id=879b1e05-3474-4939-8e31-b0d500d526fc
Publishing your research: Welcome!,f4f3cd20-1e4e-49a7-8478-b0d500dfbaf7,00:00:33,fe0aa3a2-51e5-4231-becf-1306400b593b,https://southampton.cloud.panopto.eu/Panopto/Pages/Viewer.aspx?id=f4f3cd20-1e4e-49a7-8478-b0d500dfbaf7
GENG0014_LibrarySession_Referencing,85bd908c-7e82-4948-8ce7-b0ce00df1c80,00:32:57,fe0aa3a2-51e5-4231-becf-1306400b593b,https://southampton.cloud.panopto.eu/Panopto/Pages/Viewer.aspx?id=85bd908c-7e82-4948-8ce7-b0ce00df1c80
Andrea,8866ee3b-b4c3-45e7-9a8d-b0c800f8e77b,00:05:25,fe0aa3a2-51e5-4231-becf-1306400b593b,https://southampton.cloud.panopto.eu/Panopto/Pages/Viewer.aspx?id=8866ee3b-b4c3-45e7-9a8d-b0c800f8e77b
Publishing your research: Selecting a journal,ba525c5e-ca78-4010-86db-b0d500df16d9,00:03:39,fe0aa3a2-51e5-4231-becf-1306400b593b,https://southampton.cloud.panopto.eu/Panopto/Pages/Viewer.aspx?id=ba525c5e-ca78-4010-86db-b0d500df16d9
Publishing your research: Copyright,9f0670a1-69eb-4f8d-9284-b0d501026f00,00:04:29,fe0aa3a2-51e5-4231-becf-1306400b593b,https://southampton.cloud.panopto.eu/Panopto/Pages/Viewer.aspx?id=9f0670a1-69eb-4f8d-9284-b0d501026f00
Publishing your research: Acceptance,cb47a0c1-8890-4215-8e76-b0c700fe8d5f,00:04:08,fe0aa3a2-51e5-4231-becf-1306400b593b,https://southampton.cloud.panopto.eu/Panopto/Pages/Viewer.aspx?id=cb47a0c1-8890-4215-8e76-b0c700fe8d5f
Publishing your paper: Writing,60a74036-a4ae-4b58-a5cb-b0d500fe6b6e,00:02:35,fe0aa3a2-51e5-4231-becf-1306400b593b,https://southampton.cloud.panopto.eu/Panopto/Pages/Viewer.aspx?id=60a74036-a4ae-4b58-a5cb-b0d500fe6b6e
Publishing your research: Authorship,af17eeb3-bc2c-45e1-bcab-b0d500f770b7,00:01:40,fe0aa3a2-51e5-4231-becf-1306400b593b,https://southampton.cloud.panopto.eu/Panopto/Pages/Viewer.aspx?id=af17eeb3-bc2c-45e1-bcab-b0d500f770b7
GENG0014 Finding information,16bdf4e4-c49e-4ee2-beee-b0c200b51435,00:25:46,fe0aa3a2-51e5-4231-becf-1306400b593b,https://southampton.cloud.panopto.eu/Panopto/Pages/Viewer.aspx?id=16bdf4e4-c49e-4ee2-beee-b0c200b51435
BIOL1030 Finding information,dbf31e0e-0664-4c19-b1c7-b0c001178046,00:39:31,fe0aa3a2-51e5-4231-becf-1306400b593b,https://southampton.cloud.panopto.eu/Panopto/Pages/Viewer.aspx?id=dbf31e0e-0664-4c19-b1c7-b0c001178046
ELEC6259_ELEC2_101123,bea8ac91-007b-4f30-8b53-b0b900cf2f30,00:48:00,fe0aa3a2-51e5-4231-becf-1306400b593b,https://southampton.cloud.panopto.eu/Panopto/Pages/Viewer.aspx?id=bea8ac91-007b-4f30-8b53-b0b900cf2f30
ELEC6259_COMP2_081123,098d47f2-3a38-4b8e-be3f-b0b900cf4a32,00:47:41,fe0aa3a2-51e5-4231-becf-1306400b593b,https://southampton.cloud.panopto.eu/Panopto/Pages/Viewer.aspx?id=098d47f2-3a38-4b8e-be3f-b0b900cf4a32
ELEC6259_COMP1_081123,3b4e333d-e01e-4cbe-afd7-b0b900d181f8,00:43:57,fe0aa3a2-51e5-4231-becf-1306400b593b,https://southampton.cloud.panopto.eu/Panopto/Pages/Viewer.aspx?id=3b4e333d-e01e-4cbe-afd7-b0b900d181f8
LCL_PGT_group2_071123,4a2fbf73-b03e-4011-9d8c-b0b3012d7704,00:51:39,fe0aa3a2-51e5-4231-becf-1306400b593b,https://southampton.cloud.panopto.eu/Panopto/Pages/Viewer.aspx?id=4a2fbf73-b03e-4011-9d8c-b0b3012d7704
LLC_PGT_group1_061123,ba7e4748-33fd-4fb9-b685-b0b3012d928e,00:47:37,fe0aa3a2-51e5-4231-becf-1306400b593b,https://southampton.cloud.panopto.eu/Panopto/Pages/Viewer.aspx?id=ba7e4748-33fd-4fb9-b685-b0b3012d928e
LANG1017_241023,18cd13fb-072b-4ff8-a231-b0a50117f037,00:39:27,fe0aa3a2-51e5-4231-becf-1306400b593b,https://southampton.cloud.panopto.eu/Panopto/Pages/Viewer.aspx?id=18cd13fb-072b-4ff8-a231-b0a50117f037
GGES1013_241023,c0365090-a114-4274-a9ba-b0a501212f68,00:29:44,fe0aa3a2-51e5-4231-becf-1306400b593b,https://southampton.cloud.panopto.eu/Panopto/Pages/Viewer.aspx?id=c0365090-a114-4274-a9ba-b0a501212f68
COMP3200 Library session,4072d122-1096-4134-8447-b09e01065a0d,00:31:49,fe0aa3a2-51e5-4231-becf-1306400b593b,https://southampton.cloud.panopto.eu/Panopto/Pages/Viewer.aspx?id=4072d122-1096-4134-8447-b09e01065a0d
Postgraduate Research Skills (WSA) 2023-24,e1874842-5e82-482c-9b6e-b09e00eba466,00:19:38,fe0aa3a2-51e5-4231-becf-1306400b593b,https://southampton.cloud.panopto.eu/Panopto/Pages/Viewer.aspx?id=e1874842-5e82-482c-9b6e-b09e00eba466
MANG6517 - Library resources for your module assessment-20231010_120839-Meeting Recording,bfb51d99-23f6-4188-8ea3-b09700c407b6,00:17:14,fe0aa3a2-51e5-4231-becf-1306400b593b,https://southampton.cloud.panopto.eu/Panopto/Pages/Viewer.aspx?id=bfb51d99-23f6-4188-8ea3-b09700c407b6
EDUC104 Library session,da3409db-fe3f-4223-a1be-b09700a6ce0a,00:17:55,fe0aa3a2-51e5-4231-becf-1306400b593b,https://southampton.cloud.panopto.eu/Panopto/Pages/Viewer.aspx?id=da3409db-fe3f-4223-a1be-b09700a6ce0a
CHEM Finding Information,8a511f1a-eea0-45a6-ae16-b09300943e9b,00:29:03,fe0aa3a2-51e5-4231-becf-1306400b593b,https://southampton.cloud.panopto.eu/Panopto/Pages/Viewer.aspx?id=8a511f1a-eea0-45a6-ae16-b09300943e9b
Gerontology: Library introduction,d7a5d2e6-6165-40f2-aacb-b08c00ec24c8,00:21:36,fe0aa3a2-51e5-4231-becf-1306400b593b,https://southampton.cloud.panopto.eu/Panopto/Pages/Viewer.aspx?id=d7a5d2e6-6165-40f2-aacb-b08c00ec24c8
SBS 2nd years - Library Research Skills 23-24,e2383fcd-b087-433d-97b9-b08400b68fe5,00:09:59,fe0aa3a2-51e5-4231-becf-1306400b593b,https://southampton.cloud.panopto.eu/Panopto/Pages/Viewer.aspx?id=e2383fcd-b087-433d-97b9-b08400b68fe5
MANG3025 _ MANG3074 - Library Research Skills - 23-24,554cb1e5-649e-47c7-83e7-b08200ad91d2,00:14:01,fe0aa3a2-51e5-4231-becf-1306400b593b,https://southampton.cloud.panopto.eu/Panopto/Pages/Viewer.aspx?id=554cb1e5-649e-47c7-83e7-b08200ad91d2
Publishing your research: Authorship,110786a7-3efb-49a6-80a6-b08200a28866,00:01:42,fe0aa3a2-51e5-4231-becf-1306400b593b,https://southampton.cloud.panopto.eu/Panopto/Pages/Viewer.aspx?id=110786a7-3efb-49a6-80a6-b08200a28866
New Education & Research Staff Welcome process,e7188d67-0de0-4467-8d70-b08100c47974,00:06:29,fe0aa3a2-51e5-4231-becf-1306400b593b,https://southampton.cloud.panopto.eu/Panopto/Pages/Viewer.aspx?id=e7188d67-0de0-4467-8d70-b08100c47974
Skills for Business - Week 3 - Library Research Skills - 23-24,47677700-1d77-4fef-911e-b07e00d8e0ca,00:08:11,fe0aa3a2-51e5-4231-becf-1306400b593b,https://southampton.cloud.panopto.eu/Panopto/Pages/Viewer.aspx?id=47677700-1d77-4fef-911e-b07e00d8e0ca
Skills for Business_ Week 1 - Library Research Skills_23-24,780bdbff-7daf-4b2e-a6a4-b07d00ae4f4f,00:06:37,fe0aa3a2-51e5-4231-becf-1306400b593b,https://southampton.cloud.panopto.eu/Panopto/Pages/Viewer.aspx?id=780bdbff-7daf-4b2e-a6a4-b07d00ae4f4f
Publishing your research: writing your paper,f3e09174-f340-4045-9d88-b05000e358a9,00:03:10,fe0aa3a2-51e5-4231-becf-1306400b593b,https://southampton.cloud.panopto.eu/Panopto/Pages/Viewer.aspx?id=f3e09174-f340-4045-9d88-b05000e358a9
Publishing your research: preprints,b46672c4-35d2-4974-95d0-b04d00f7c5a9,00:03:27,fe0aa3a2-51e5-4231-becf-1306400b593b,https://southampton.cloud.panopto.eu/Panopto/Pages/Viewer.aspx?id=b46672c4-35d2-4974-95d0-b04d00f7c5a9
E&I comms: pilot  moving to business as usual,58653543-c91f-4bd8-892d-b04d00db8b46,00:09:01,fe0aa3a2-51e5-4231-becf-1306400b593b,https://southampton.cloud.panopto.eu/Panopto/Pages/Viewer.aspx?id=58653543-c91f-4bd8-892d-b04d00db8b46
Publishing your research: peer review,f4c606d1-bd8b-4235-8841-b04a01046b29,00:04:41,fe0aa3a2-51e5-4231-becf-1306400b593b,https://southampton.cloud.panopto.eu/Panopto/Pages/Viewer.aspx?id=f4c606d1-bd8b-4235-8841-b04a01046b29
Publishing your research: Authorship (do not use this video),e57f9175-28a5-4ec1-9eaf-b04a00d21ced,00:01:36,fe0aa3a2-51e5-4231-becf-1306400b593b,https://southampton.cloud.panopto.eu/Panopto/Pages/Viewer.aspx?id=e57f9175-28a5-4ec1-9eaf-b04a00d21ced
HLT/CDD VF overview Workshop Jul 23,ecb4dd07-7532-4818-bdaf-b04a00a1a772,00:06:09,fe0aa3a2-51e5-4231-becf-1306400b593b,https://southampton.cloud.panopto.eu/Panopto/Pages/Viewer.aspx?id=ecb4dd07-7532-4818-bdaf-b04a00a1a772
Evaluating Information 2023_Modified (copy),eac8312f-fdde-463b-b6b3-b04900e475c5,00:03:14,fe0aa3a2-51e5-4231-becf-1306400b593b,https://southampton.cloud.panopto.eu/Panopto/Pages/Viewer.aspx?id=eac8312f-fdde-463b-b6b3-b04900e475c5
"UKRI Q&A for the newsletter, June 2023",3d3f5da5-5ddd-4cb0-a354-b02700c37ca8,00:06:04,fe0aa3a2-51e5-4231-becf-1306400b593b,https://southampton.cloud.panopto.eu/Panopto/Pages/Viewer.aspx?id=3d3f5da5-5ddd-4cb0-a354-b02700c37ca8
Pre-sessional 2023 Library staff briefing,437a86cb-3ee1-4a48-ad57-b01a00b495f8,00:10:24,fe0aa3a2-51e5-4231-becf-1306400b593b,https://southampton.cloud.panopto.eu/Panopto/Pages/Viewer.aspx?id=437a86cb-3ee1-4a48-ad57-b01a00b495f8
Southampton Business School - dissertation or project - Library research skills - 22-23,8fb6da5b-edcb-438a-bac6-b00500aa4972,00:16:08,fe0aa3a2-51e5-4231-becf-1306400b593b,https://southampton.cloud.panopto.eu/Panopto/Pages/Viewer.aspx?id=8fb6da5b-edcb-438a-bac6-b00500aa4972
student-reading-list-2023-05-15,be37e95f-a586-4ab4-bb99-b00300a14d59,00:01:56,fe0aa3a2-51e5-4231-becf-1306400b593b,https://southampton.cloud.panopto.eu/Panopto/Pages/Viewer.aspx?id=be37e95f-a586-4ab4-bb99-b00300a14d59
Student Reading List,8c67f919-6950-4dd0-a54c-affd0026b15c,00:01:55,fe0aa3a2-51e5-4231-becf-1306400b593b,https://southampton.cloud.panopto.eu/Panopto/Pages/Viewer.aspx?id=8c67f919-6950-4dd0-a54c-affd0026b15c
Gerontology Distance Learners March 23,ab60d019-87bc-48d0-bd9f-afcd009d2c6f,00:21:33,fe0aa3a2-51e5-4231-becf-1306400b593b,https://southampton.cloud.panopto.eu/Panopto/Pages/Viewer.aspx?id=ab60d019-87bc-48d0-bd9f-afcd009d2c6f
2nd year Sept 23 Doctoral Psychology Joint Sys Rev,8451d2cb-90cf-42a7-b7f1-afc500f064d3,00:46:12,fe0aa3a2-51e5-4231-becf-1306400b593b,https://southampton.cloud.panopto.eu/Panopto/Pages/Viewer.aspx?id=8451d2cb-90cf-42a7-b7f1-afc500f064d3
ECON2034_Academic Integrity_Library_Research_Skills_22-23,529577e5-fd5e-4304-8ae4-afb700f4c74b,00:06:23,fe0aa3a2-51e5-4231-becf-1306400b593b,https://southampton.cloud.panopto.eu/Panopto/Pages/Viewer.aspx?id=529577e5-fd5e-4304-8ae4-afb700f4c74b
Love Data Week 4 - DataKind talk with Adam Hill,5bd6a9af-e05c-4a06-a6c6-afac00e68de8,00:45:20,fe0aa3a2-51e5-4231-becf-1306400b593b,https://southampton.cloud.panopto.eu/Panopto/Pages/Viewer.aspx?id=5bd6a9af-e05c-4a06-a6c6-afac00e68de8
Love Data Week 3 - Panel Discussion on Data_ Agent for Change,be26677d-0938-4123-b2fa-afac00d79fd5,00:46:31,fe0aa3a2-51e5-4231-becf-1306400b593b,https://southampton.cloud.panopto.eu/Panopto/Pages/Viewer.aspx?id=be26677d-0938-4123-b2fa-afac00d79fd5
Love Data Week Talk 1: What you need to know about collecting and sharing your data,83ae02dc-20af-46ab-a8fd-afa90125b913,00:44:54,fe0aa3a2-51e5-4231-becf-1306400b593b,https://southampton.cloud.panopto.eu/Panopto/Pages/Viewer.aspx?id=83ae02dc-20af-46ab-a8fd-afa90125b913
Data Management for Health Sciences Feb 23,1ab16ca2-b055-49e5-be52-afa200ee7e85,00:26:24,fe0aa3a2-51e5-4231-becf-1306400b593b,https://southampton.cloud.panopto.eu/Panopto/Pages/Viewer.aspx?id=1ab16ca2-b055-49e5-be52-afa200ee7e85
Create a request - Library Search,73314ae3-6afb-40a7-8159-afa200c7e5bb,00:06:27,fe0aa3a2-51e5-4231-becf-1306400b593b,https://southampton.cloud.panopto.eu/Panopto/Pages/Viewer.aspx?id=73314ae3-6afb-40a7-8159-afa200c7e5bb
1. Introduction to the session_Feb2023_Ostrowski_Video1 (copy),818479dd-8eaa-4a7b-b5f8-af8600c5bdb5,00:02:45,fe0aa3a2-51e5-4231-becf-1306400b593b,https://southampton.cloud.panopto.eu/Panopto/Pages/Viewer.aspx?id=818479dd-8eaa-4a7b-b5f8-af8600c5bdb5
EDUC3027 Library session: dissertation support,d51160c8-a57d-48dc-9be3-af6600a446aa,00:47:09,fe0aa3a2-51e5-4231-becf-1306400b593b,https://southampton.cloud.panopto.eu/Panopto/Pages/Viewer.aspx?id=d51160c8-a57d-48dc-9be3-af6600a446aa
Using the library for postgraduate research,cf21e89e-17f8-41ac-91ae-af5000e20b17,00:32:05,fe0aa3a2-51e5-4231-becf-1306400b593b,https://southampton.cloud.panopto.eu/Panopto/Pages/Viewer.aspx?id=cf21e89e-17f8-41ac-91ae-af5000e20b17
Exploring the magic of books and fantastic collections November 2022,cc281c03-b847-49ea-9815-af4801067700,00:14:07,fe0aa3a2-51e5-4231-becf-1306400b593b,https://southampton.cloud.panopto.eu/Panopto/Pages/Viewer.aspx?id=cc281c03-b847-49ea-9815-af4801067700
CHEM6133 Literature searching,2e6592d2-4a77-49a2-9f31-af4200b31c9b,00:42:20,fe0aa3a2-51e5-4231-becf-1306400b593b,https://southampton.cloud.panopto.eu/Panopto/Pages/Viewer.aspx?id=2e6592d2-4a77-49a2-9f31-af4200b31c9b
"RESM part 2 of 2. Brief overview of Systematic Reviews, Grey lit, WoS and Reference Mgt.",669ffa1b-96d6-447a-b56a-af3c00d600e7,00:13:42,fe0aa3a2-51e5-4231-becf-1306400b593b,https://southampton.cloud.panopto.eu/Panopto/Pages/Viewer.aspx?id=669ffa1b-96d6-447a-b56a-af3c00d600e7
RESM part 1 of 2. Searching PsycINFO and advanced syntax,2bb08f87-052d-4725-89a6-af3b00fc57d0,00:17:47,fe0aa3a2-51e5-4231-becf-1306400b593b,https://southampton.cloud.panopto.eu/Panopto/Pages/Viewer.aspx?id=2bb08f87-052d-4725-89a6-af3b00fc57d0
Music postgraduate research skills,bc412778-7ca7-450d-b917-af2d00e4e840,00:14:03,fe0aa3a2-51e5-4231-becf-1306400b593b,https://southampton.cloud.panopto.eu/Panopto/Pages/Viewer.aspx?id=bc412778-7ca7-450d-b917-af2d00e4e840
3.1 Systematic review MESH conversation-,814f5344-2b91-4749-99f3-af2b00cbbdd6,00:17:02,fe0aa3a2-51e5-4231-becf-1306400b593b,https://southampton.cloud.panopto.eu/Panopto/Pages/Viewer.aspx?id=814f5344-2b91-4749-99f3-af2b00cbbdd6
Psychology Introduction,4a90faa5-5538-4972-a32d-af2b00c6663c,00:09:12,fe0aa3a2-51e5-4231-becf-1306400b593b,https://southampton.cloud.panopto.eu/Panopto/Pages/Viewer.aspx?id=4a90faa5-5538-4972-a32d-af2b00c6663c
CAS SciFinder-n PG session Univ Southampton 7Oct22,dc4df885-83f9-436c-863a-af2a00cee64c,00:29:31,fe0aa3a2-51e5-4231-becf-1306400b593b,https://southampton.cloud.panopto.eu/Panopto/Pages/Viewer.aspx?id=dc4df885-83f9-436c-863a-af2a00cee64c
SciFinder,7a175c38-3bfe-4248-ab91-af26009122a9,00:31:57,fe0aa3a2-51e5-4231-becf-1306400b593b,https://southampton.cloud.panopto.eu/Panopto/Pages/Viewer.aspx?id=7a175c38-3bfe-4248-ab91-af26009122a9
Postgraduate Research Skills (WSA) 2022-23,4987c997-d0ae-4170-b8d4-af2500e3f950,00:14:16,fe0aa3a2-51e5-4231-becf-1306400b593b,https://southampton.cloud.panopto.eu/Panopto/Pages/Viewer.aspx?id=4987c997-d0ae-4170-b8d4-af2500e3f950
MANG3095_Library_22-23,6dc3c4d9-3cc1-4b36-9e9f-af190078849a,00:13:19,fe0aa3a2-51e5-4231-becf-1306400b593b,https://southampton.cloud.panopto.eu/Panopto/Pages/Viewer.aspx?id=6dc3c4d9-3cc1-4b36-9e9f-af190078849a
Add resources to your list (copy),43c4c581-e108-4076-a285-af0a00c6c307,00:11:13,fe0aa3a2-51e5-4231-becf-1306400b593b,https://southampton.cloud.panopto.eu/Panopto/Pages/Viewer.aspx?id=43c4c581-e108-4076-a285-af0a00c6c307
Requesting a digitisation (copy),5bb6a22a-a0f1-49f9-b58a-af0a00c70341,00:08:37,fe0aa3a2-51e5-4231-becf-1306400b593b,https://southampton.cloud.panopto.eu/Panopto/Pages/Viewer.aspx?id=5bb6a22a-a0f1-49f9-b58a-af0a00c70341
"Ordering books, Publish & Review (copy)",6bb2b3c2-ccb2-46ba-9e7e-af0a00c72846,00:06:42,fe0aa3a2-51e5-4231-becf-1306400b593b,https://southampton.cloud.panopto.eu/Panopto/Pages/Viewer.aspx?id=6bb2b3c2-ccb2-46ba-9e7e-af0a00c72846
Bookmarklet extension (copy),bcd9dfed-df39-413f-8090-af0a00c74253,00:07:08,fe0aa3a2-51e5-4231-becf-1306400b593b,https://southampton.cloud.panopto.eu/Panopto/Pages/Viewer.aspx?id=bcd9dfed-df39-413f-8090-af0a00c74253
Library Search- books/ebooks/reading lists,e39876a0-4e15-4f84-9de6-aefa00e34395,00:07:41,fe0aa3a2-51e5-4231-becf-1306400b593b,https://southampton.cloud.panopto.eu/Panopto/Pages/Viewer.aspx?id=e39876a0-4e15-4f84-9de6-aefa00e34395
Library Search - My account,c3a94b96-e936-4945-82ae-aef900f7f26c,00:04:31,fe0aa3a2-51e5-4231-becf-1306400b593b,https://southampton.cloud.panopto.eu/Panopto/Pages/Viewer.aspx?id=c3a94b96-e936-4945-82ae-aef900f7f26c
Library search - Journal articles,a7cabe99-ea3b-43eb-95d2-aef900e0b6ce,00:05:16,fe0aa3a2-51e5-4231-becf-1306400b593b,https://southampton.cloud.panopto.eu/Panopto/Pages/Viewer.aspx?id=a7cabe99-ea3b-43eb-95d2-aef900e0b6ce
Library Search books/ebooks/Readinglists,96415ef9-534d-4ba2-a518-aef900b3562a,00:07:47,fe0aa3a2-51e5-4231-becf-1306400b593b,https://southampton.cloud.panopto.eu/Panopto/Pages/Viewer.aspx?id=96415ef9-534d-4ba2-a518-aef900b3562a
Curriculum design workshop_ introduction to collaborating with the Library,3ddd3a1d-843b-4284-8032-aef300b262b2,00:11:54,fe0aa3a2-51e5-4231-becf-1306400b593b,https://southampton.cloud.panopto.eu/Panopto/Pages/Viewer.aspx?id=3ddd3a1d-843b-4284-8032-aef300b262b2
3.4a Proquest Thesis and Dissertations Grey literature,98a84a51-4189-424d-865f-ae9200ed8d84,00:07:56,fe0aa3a2-51e5-4231-becf-1306400b593b,https://southampton.cloud.panopto.eu/Panopto/Pages/Viewer.aspx?id=98a84a51-4189-424d-865f-ae9200ed8d84
Training for on request datasets - IS explaining to RD team,482283e7-8a82-4cbf-be3f-ae7000a7c614,00:37:40,fe0aa3a2-51e5-4231-becf-1306400b593b,https://southampton.cloud.panopto.eu/Panopto/Pages/Viewer.aspx?id=482283e7-8a82-4cbf-be3f-ae7000a7c614
Data Management by Paula Sands and Isobel Stark (Version 2),a9cd961c-54f5-4922-90e9-adf200d248e8,00:57:42,fe0aa3a2-51e5-4231-becf-1306400b593b,https://southampton.cloud.panopto.eu/Panopto/Pages/Viewer.aspx?id=a9cd961c-54f5-4922-90e9-adf200d248e8
Business_subject_page_WSA,2e1f4a33-61fc-45a2-9a49-addd00a7145c,00:06:10,fe0aa3a2-51e5-4231-becf-1306400b593b,https://southampton.cloud.panopto.eu/Panopto/Pages/Viewer.aspx?id=2e1f4a33-61fc-45a2-9a49-addd00a7145c
OUP Univ Southampton Transformative Agreement Author Workflow Training.tcproj,35fbf561-a63d-42f2-a09c-adcf0087dee3,00:31:36,fe0aa3a2-51e5-4231-becf-1306400b593b,https://southampton.cloud.panopto.eu/Panopto/Pages/Viewer.aspx?id=35fbf561-a63d-42f2-a09c-adcf0087dee3
MANG6239_Library_support_21-22,15614ac9-cbeb-4ff3-844a-adc100e47759,00:09:40,fe0aa3a2-51e5-4231-becf-1306400b593b,https://southampton.cloud.panopto.eu/Panopto/Pages/Viewer.aspx?id=15614ac9-cbeb-4ff3-844a-adc100e47759
Psychology 3rd Year UG. Digital Literacy Skills,c18bda4d-ced4-4fa1-b773-adc00085428b,00:14:22,fe0aa3a2-51e5-4231-becf-1306400b593b,https://southampton.cloud.panopto.eu/Panopto/Pages/Viewer.aspx?id=c18bda4d-ced4-4fa1-b773-adc00085428b
FEEG3003 - Library IP Lecture Part 2 of 3-  29 September 2021,c55c2b63-c048-4c57-bed3-adb200fb5001,00:17:51,fe0aa3a2-51e5-4231-becf-1306400b593b,https://southampton.cloud.panopto.eu/Panopto/Pages/Viewer.aspx?id=c55c2b63-c048-4c57-bed3-adb200fb5001
How to view a Panopto,ac6e2115-4844-4ae8-9384-ad9f00b6859c,00:05:21,fe0aa3a2-51e5-4231-becf-1306400b593b,https://southampton.cloud.panopto.eu/Panopto/Pages/Viewer.aspx?id=ac6e2115-4844-4ae8-9384-ad9f00b6859c
Editing in multiple Panopto source layers,7cd271c0-0d6b-42e5-88bd-ad9f0091428a,00:05:09,fe0aa3a2-51e5-4231-becf-1306400b593b,https://southampton.cloud.panopto.eu/Panopto/Pages/Viewer.aspx?id=7cd271c0-0d6b-42e5-88bd-ad9f0091428a
non-technical set up of Panopto,1dcf9a64-361a-4b3b-b02a-ad91008e3042,00:05:58,fe0aa3a2-51e5-4231-becf-1306400b593b,https://southampton.cloud.panopto.eu/Panopto/Pages/Viewer.aspx?id=1dcf9a64-361a-4b3b-b02a-ad91008e3042
Panopto Testing,fb04e43c-f96f-473f-b185-ad8f009b2bde,00:01:27,fe0aa3a2-51e5-4231-becf-1306400b593b,https://southampton.cloud.panopto.eu/Panopto/Pages/Viewer.aspx?id=fb04e43c-f96f-473f-b185-ad8f009b2bde
Depositing a PhD Dataset (Conversation),95728c91-119e-4fa1-8db7-ad8a00dfe326,00:12:23,fe0aa3a2-51e5-4231-becf-1306400b593b,https://southampton.cloud.panopto.eu/Panopto/Pages/Viewer.aspx?id=95728c91-119e-4fa1-8db7-ad8a00dfe326
Depositing a research dataset (Conversation),1275768f-4595-4ea3-9104-ad8a00df072e,00:10:59,fe0aa3a2-51e5-4231-becf-1306400b593b,https://southampton.cloud.panopto.eu/Panopto/Pages/Viewer.aspx?id=1275768f-4595-4ea3-9104-ad8a00df072e
Depositing large open data,4d6bd91b-c150-4db8-92bf-ad5e00f45668,00:07:52,fe0aa3a2-51e5-4231-becf-1306400b593b,https://southampton.cloud.panopto.eu/Panopto/Pages/Viewer.aspx?id=4d6bd91b-c150-4db8-92bf-ad5e00f45668
Depositing confidential data,35f46693-d312-4d33-a811-ad4701166b57,00:13:14,fe0aa3a2-51e5-4231-becf-1306400b593b,https://southampton.cloud.panopto.eu/Panopto/Pages/Viewer.aspx?id=35f46693-d312-4d33-a811-ad4701166b57
1.  First slide&intro,5279f73b-5408-4db7-ae60-ad2d00b8f0f7,00:00:13,fe0aa3a2-51e5-4231-becf-1306400b593b,https://southampton.cloud.panopto.eu/Panopto/Pages/Viewer.aspx?id=5279f73b-5408-4db7-ae60-ad2d00b8f0f7
Depositing open and embargoed data – the basics 14 May 2021,183a8fe5-d817-44a4-b4e2-ad2800e9656b,00:15:36,fe0aa3a2-51e5-4231-becf-1306400b593b,https://southampton.cloud.panopto.eu/Panopto/Pages/Viewer.aspx?id=183a8fe5-d817-44a4-b4e2-ad2800e9656b
2Bookmarklet,21df1f32-3df5-423b-a5e9-ad280092d212,00:03:45,fe0aa3a2-51e5-4231-becf-1306400b593b,https://southampton.cloud.panopto.eu/Panopto/Pages/Viewer.aspx?id=21df1f32-3df5-423b-a5e9-ad280092d212
3.3a Field codes,28891ca3-8f92-458d-b112-ad2100f0b59f,00:05:19,fe0aa3a2-51e5-4231-becf-1306400b593b,https://southampton.cloud.panopto.eu/Panopto/Pages/Viewer.aspx?id=28891ca3-8f92-458d-b112-ad2100f0b59f
4Structure_your_list,53aa9fc8-ff66-4463-8c20-ad1e0104e83e,00:13:39,fe0aa3a2-51e5-4231-becf-1306400b593b,https://southampton.cloud.panopto.eu/Panopto/Pages/Viewer.aspx?id=53aa9fc8-ff66-4463-8c20-ad1e0104e83e
3Create_a_list,025f3511-5790-4e59-b3cf-ad1e0104e8c2,00:09:11,fe0aa3a2-51e5-4231-becf-1306400b593b,https://southampton.cloud.panopto.eu/Panopto/Pages/Viewer.aspx?id=025f3511-5790-4e59-b3cf-ad1e0104e8c2
1Get_Started,65c76f29-019b-47e8-a34b-ad2d00863eec,00:02:42,fe0aa3a2-51e5-4231-becf-1306400b593b,https://southampton.cloud.panopto.eu/Panopto/Pages/Viewer.aspx?id=65c76f29-019b-47e8-a34b-ad2d00863eec
How to reference,abd49bdf-4f0a-46ff-ba11-ace000956a20,00:09:34,fe0aa3a2-51e5-4231-becf-1306400b593b,https://southampton.cloud.panopto.eu/Panopto/Pages/Viewer.aspx?id=abd49bdf-4f0a-46ff-ba11-ace000956a20
Part 1: Library:  Finding Information FEEG6012,4292e1c6-5e89-48fc-ab48-acde00b30731,00:19:14,fe0aa3a2-51e5-4231-becf-1306400b593b,https://southampton.cloud.panopto.eu/Panopto/Pages/Viewer.aspx?id=4292e1c6-5e89-48fc-ab48-acde00b30731
MANG6444_support_for_Harvard_referencing_20-21,5e1b357c-1dec-47fa-8d23-acbb00ce2640,00:06:30,fe0aa3a2-51e5-4231-becf-1306400b593b,https://southampton.cloud.panopto.eu/Panopto/Pages/Viewer.aspx?id=5e1b357c-1dec-47fa-8d23-acbb00ce2640
MANG6444_searching_databases_20-21,b058540e-4d9b-4070-922d-acbb00c4389f,00:08:07,fe0aa3a2-51e5-4231-becf-1306400b593b,https://southampton.cloud.panopto.eu/Panopto/Pages/Viewer.aspx?id=b058540e-4d9b-4070-922d-acbb00c4389f
Real live ticketing - setting up your screen 21 January 2021,10a55b3f-9544-4adc-a02b-acb700e3b03d,00:13:56,fe0aa3a2-51e5-4231-becf-1306400b593b,https://southampton.cloud.panopto.eu/Panopto/Pages/Viewer.aspx?id=10a55b3f-9544-4adc-a02b-acb700e3b03d
Business resources for Music 2022-23,a82819f1-f426-4c18-a6ad-adb900846061,00:08:22,fe0aa3a2-51e5-4231-becf-1306400b593b,https://southampton.cloud.panopto.eu/Panopto/Pages/Viewer.aspx?id=a82819f1-f426-4c18-a6ad-adb900846061
MANG6129_Libraryskills_20-21,3e6a147f-3c24-4f99-be2a-acad00c3cfce,00:08:04,fe0aa3a2-51e5-4231-becf-1306400b593b,https://southampton.cloud.panopto.eu/Panopto/Pages/Viewer.aspx?id=3e6a147f-3c24-4f99-be2a-acad00c3cfce
11 November 2020 at 10:54:59,c423d659-8a02-4a7d-98b2-ac76009ccc1a,00:20:20,fe0aa3a2-51e5-4231-becf-1306400b593b,https://southampton.cloud.panopto.eu/Panopto/Pages/Viewer.aspx?id=c423d659-8a02-4a7d-98b2-ac76009ccc1a
Sys_Rev_intro_screen_DO_NOT DELETE,e8ce4fa5-b131-43cb-84fd-ac4c01042db5,00:00:06,fe0aa3a2-51e5-4231-becf-1306400b593b,https://southampton.cloud.panopto.eu/Panopto/Pages/Viewer.aspx?id=e8ce4fa5-b131-43cb-84fd-ac4c01042db5
30 September 2020 at 19:34:30,bf6fd196-bd12-41ae-b2e5-ac4601327047,00:00:01,fe0aa3a2-51e5-4231-becf-1306400b593b,https://southampton.cloud.panopto.eu/Panopto/Pages/Viewer.aspx?id=bf6fd196-bd12-41ae-b2e5-ac4601327047
creating and editing closed captions in Panopto,c0a02f9f-fc34-4d1f-96b6-ac4100a2d1c2,00:04:55,fe0aa3a2-51e5-4231-becf-1306400b593b,https://southampton.cloud.panopto.eu/Panopto/Pages/Viewer.aspx?id=c0a02f9f-fc34-4d1f-96b6-ac4100a2d1c2
MANG1015_20-21,2de5c584-809e-4df8-8e34-ac3f00ae9ee7,00:04:45,fe0aa3a2-51e5-4231-becf-1306400b593b,https://southampton.cloud.panopto.eu/Panopto/Pages/Viewer.aspx?id=2de5c584-809e-4df8-8e34-ac3f00ae9ee7
Goodbye for demo,56611c1e-f4db-48ab-b235-ac30009e480f,00:00:09,fe0aa3a2-51e5-4231-becf-1306400b593b,https://southampton.cloud.panopto.eu/Panopto/Pages/Viewer.aspx?id=56611c1e-f4db-48ab-b235-ac30009e480f
enqury handling training-02 September 2020 at 16:58:48,c8d54bdd-b2bc-421c-86bf-ac2a010b56dd,00:16:02,fe0aa3a2-51e5-4231-becf-1306400b593b,https://southampton.cloud.panopto.eu/Panopto/Pages/Viewer.aspx?id=c8d54bdd-b2bc-421c-86bf-ac2a010b56dd
Delphis - creating search strategy,fa4c3e32-9567-4480-936f-ac2a009e193f,00:04:30,fe0aa3a2-51e5-4231-becf-1306400b593b,https://southampton.cloud.panopto.eu/Panopto/Pages/Viewer.aspx?id=fa4c3e32-9567-4480-936f-ac2a009e193f
Delphis and Phrase searching (example of Syntax),0717dc6b-919e-48d4-bc35-ac2a009b7c1b,00:02:23,fe0aa3a2-51e5-4231-becf-1306400b593b,https://southampton.cloud.panopto.eu/Panopto/Pages/Viewer.aspx?id=0717dc6b-919e-48d4-bc35-ac2a009b7c1b
Library Subject guides and overview of Academic Skills webpages,2d21521a-0326-4353-a1ec-ac2400e08988,00:02:58,fe0aa3a2-51e5-4231-becf-1306400b593b,https://southampton.cloud.panopto.eu/Panopto/Pages/Viewer.aspx?id=2d21521a-0326-4353-a1ec-ac2400e08988
Obtaining the embed code or hyperlink to deploy a Panopto video via libguides,b9982338-c05b-413d-a0f2-ac010107cf3f,00:04:17,fe0aa3a2-51e5-4231-becf-1306400b593b,https://southampton.cloud.panopto.eu/Panopto/Pages/Viewer.aspx?id=b9982338-c05b-413d-a0f2-ac010107cf3f
Non-Technical Prep for Panopton Backlit section,636700e9-c61a-4ba4-a6e0-ac0000b3af89,00:00:05,fe0aa3a2-51e5-4231-becf-1306400b593b,https://southampton.cloud.panopto.eu/Panopto/Pages/Viewer.aspx?id=636700e9-c61a-4ba4-a6e0-ac0000b3af89
Sys_Rev_Using GEOBASE Mapping Tools in Engineering Village,abecf528-59dd-415c-9ddf-ac4c00b8c04c,00:09:26,fe0aa3a2-51e5-4231-becf-1306400b593b,https://southampton.cloud.panopto.eu/Panopto/Pages/Viewer.aspx?id=abecf528-59dd-415c-9ddf-ac4c00b8c04c
Welcome to the WEbsite for International Students 1,5ca5de6d-7043-4e50-ad1a-abde010ae3f3,00:02:45,fe0aa3a2-51e5-4231-becf-1306400b593b,https://southampton.cloud.panopto.eu/Panopto/Pages/Viewer.aspx?id=5ca5de6d-7043-4e50-ad1a-abde010ae3f3
Sys_Rev_Thesaurus Searching in Engineering Village,300827f3-c90c-4ffe-bc18-ac4c00b939ab,00:11:36,fe0aa3a2-51e5-4231-becf-1306400b593b,https://southampton.cloud.panopto.eu/Panopto/Pages/Viewer.aspx?id=300827f3-c90c-4ffe-bc18-ac4c00b939ab
Deploying a Panopto Video,7e5a338e-ee7c-4d37-b912-abdd00d780e4,00:11:39,fe0aa3a2-51e5-4231-becf-1306400b593b,https://southampton.cloud.panopto.eu/Panopto/Pages/Viewer.aspx?id=7e5a338e-ee7c-4d37-b912-abdd00d780e4
"Sys_Rev_Engineering Village: Using Physical Properties, Research Profiles",16f093e3-1318-4f87-9ba0-ac4c00d4f74a,00:16:40,fe0aa3a2-51e5-4231-becf-1306400b593b,https://southampton.cloud.panopto.eu/Panopto/Pages/Viewer.aspx?id=16f093e3-1318-4f87-9ba0-ac4c00d4f74a
Sys_Rev_Using Expert Search in Engineering Village (with Quiz),4c5cdea7-9ff8-4b07-9eab-ac4c00b938f0,00:09:36,fe0aa3a2-51e5-4231-becf-1306400b593b,https://southampton.cloud.panopto.eu/Panopto/Pages/Viewer.aspx?id=4c5cdea7-9ff8-4b07-9eab-ac4c00b938f0
Electronic journals and databases without the Virtual Private Network (VPN) connected 12 June 2020 at 15:32:17,b0665573-6700-4d89-8ad3-abd800f01cdb,00:08:50,fe0aa3a2-51e5-4231-becf-1306400b593b,https://southampton.cloud.panopto.eu/Panopto/Pages/Viewer.aspx?id=b0665573-6700-4d89-8ad3-abd800f01cdb
Systematic Rev-Introduction to Engineering Village_ Compendex_Inspec_GEOBASE,3cf67251-b005-4f12-ad6c-ac62012f6015,00:20:06,fe0aa3a2-51e5-4231-becf-1306400b593b,https://southampton.cloud.panopto.eu/Panopto/Pages/Viewer.aspx?id=3cf67251-b005-4f12-ad6c-ac62012f6015
Accessing your Library resources online,3399c119-dc41-4673-a9cf-abbe0085eb96,00:20:57,fe0aa3a2-51e5-4231-becf-1306400b593b,https://southampton.cloud.panopto.eu/Panopto/Pages/Viewer.aspx?id=3399c119-dc41-4673-a9cf-abbe0085eb96
3.5 Help adapting search strategy,c9928dc5-70dd-4f47-915d-abb400bbf5ed,00:03:14,fe0aa3a2-51e5-4231-becf-1306400b593b,https://southampton.cloud.panopto.eu/Panopto/Pages/Viewer.aspx?id=c9928dc5-70dd-4f47-915d-abb400bbf5ed
2.1 Scoping/Starting your search,f2f35aa5-fd34-4d6d-aa7c-abb300fe935e,00:02:25,fe0aa3a2-51e5-4231-becf-1306400b593b,https://southampton.cloud.panopto.eu/Panopto/Pages/Viewer.aspx?id=f2f35aa5-fd34-4d6d-aa7c-abb300fe935e
Introduction to Bibliometrics – Part 1 Overview,63aced10-2c45-4dd3-af99-abb200fcd77c,00:05:25,fe0aa3a2-51e5-4231-becf-1306400b593b,https://southampton.cloud.panopto.eu/Panopto/Pages/Viewer.aspx?id=63aced10-2c45-4dd3-af99-abb200fcd77c
3.3 EBSCO platform/PsycINFO database. Keyword /Descriptor - Belt and Braces approach,03dec132-d1ab-4ebd-bacc-abb100fe6b31,00:15:14,fe0aa3a2-51e5-4231-becf-1306400b593b,https://southampton.cloud.panopto.eu/Panopto/Pages/Viewer.aspx?id=03dec132-d1ab-4ebd-bacc-abb100fe6b31
bramer - insert into video for Doctoral Psy,743df217-fac3-41d1-842c-abb100ec1ed1,00:00:35,fe0aa3a2-51e5-4231-becf-1306400b593b,https://southampton.cloud.panopto.eu/Panopto/Pages/Viewer.aspx?id=743df217-fac3-41d1-842c-abb100ec1ed1
collab-recording,b88842d5-3690-445e-9bc4-abad00b786ce,00:21:14,fe0aa3a2-51e5-4231-becf-1306400b593b,https://southampton.cloud.panopto.eu/Panopto/Pages/Viewer.aspx?id=b88842d5-3690-445e-9bc4-abad00b786ce
29 April 2020 at 17:59:09,91fd64eb-af0d-480b-8cd1-ac6200f5674c,00:05:04,fe0aa3a2-51e5-4231-becf-1306400b593b,https://southampton.cloud.panopto.eu/Panopto/Pages/Viewer.aspx?id=91fd64eb-af0d-480b-8cd1-ac6200f5674c
1.4 Bibliographic Databases,4d8140e4-0645-43cc-a8e8-abac010c484c,00:06:00,fe0aa3a2-51e5-4231-becf-1306400b593b,https://southampton.cloud.panopto.eu/Panopto/Pages/Viewer.aspx?id=4d8140e4-0645-43cc-a8e8-abac010c484c
1.2 Reference management software/Endnote,a7ea0e57-3be8-454f-b646-abac00ff4ffd,00:07:19,fe0aa3a2-51e5-4231-becf-1306400b593b,https://southampton.cloud.panopto.eu/Panopto/Pages/Viewer.aspx?id=a7ea0e57-3be8-454f-b646-abac00ff4ffd
29 April 2020 Thesis and copyright,8b61d88a-52fb-4f8b-802a-ac6200f4409f,00:25:54,fe0aa3a2-51e5-4231-becf-1306400b593b,https://southampton.cloud.panopto.eu/Panopto/Pages/Viewer.aspx?id=8b61d88a-52fb-4f8b-802a-ac6200f4409f
2.4 Framing your question,f8c74225-8a9e-45ca-81d8-aba601015fa8,00:04:37,fe0aa3a2-51e5-4231-becf-1306400b593b,https://southampton.cloud.panopto.eu/Panopto/Pages/Viewer.aspx?id=f8c74225-8a9e-45ca-81d8-aba601015fa8
2.5 Protocols/Proposals/PROSPERO,c151a5a0-3a4f-41cf-bed7-aba600feb493,00:05:25,fe0aa3a2-51e5-4231-becf-1306400b593b,https://southampton.cloud.panopto.eu/Panopto/Pages/Viewer.aspx?id=c151a5a0-3a4f-41cf-bed7-aba600feb493
INTRO to SR course - 10 step,71d0b1d2-145b-47a1-a4dc-aba600bd250a,00:00:32,fe0aa3a2-51e5-4231-becf-1306400b593b,https://southampton.cloud.panopto.eu/Panopto/Pages/Viewer.aspx?id=71d0b1d2-145b-47a1-a4dc-aba600bd250a
22 April 2020 at 12:35:41,e7130102-8299-4659-8b7c-aba500c0407e,00:00:04,fe0aa3a2-51e5-4231-becf-1306400b593b,https://southampton.cloud.panopto.eu/Panopto/Pages/Viewer.aspx?id=e7130102-8299-4659-8b7c-aba500c0407e
22 April 2020 at 11:46:20,7ec1e7a7-d1f1-474d-97c7-aba500ba1747,00:00:00,fe0aa3a2-51e5-4231-becf-1306400b593b,https://southampton.cloud.panopto.eu/Panopto/Pages/Viewer.aspx?id=7ec1e7a7-d1f1-474d-97c7-aba500ba1747
21 April 2020 at 19:19:01,2a2376b2-8010-429f-8d65-ac6200f4d75a,00:10:55,fe0aa3a2-51e5-4231-becf-1306400b593b,https://southampton.cloud.panopto.eu/Panopto/Pages/Viewer.aspx?id=2a2376b2-8010-429f-8d65-ac6200f4d75a
3.4 Grey literature,e9ce7746-0b35-483f-9ea9-aba300e32c73,00:03:28,fe0aa3a2-51e5-4231-becf-1306400b593b,https://southampton.cloud.panopto.eu/Panopto/Pages/Viewer.aspx?id=e9ce7746-0b35-483f-9ea9-aba300e32c73
Virtual Hub Training,c1b5ad70-3293-4277-b753-aba200e65807,01:32:07,fe0aa3a2-51e5-4231-becf-1306400b593b,https://southampton.cloud.panopto.eu/Panopto/Pages/Viewer.aspx?id=c1b5ad70-3293-4277-b753-aba200e65807
17 April 2020 at 15:18:02,47d47b9b-cadf-4842-a700-ac6200f38528,00:21:01,fe0aa3a2-51e5-4231-becf-1306400b593b,https://southampton.cloud.panopto.eu/Panopto/Pages/Viewer.aspx?id=47d47b9b-cadf-4842-a700-ac6200f38528
3.6 Testing your search strategy,ff4562aa-7a31-4af3-bd30-aba000dba321,00:03:31,fe0aa3a2-51e5-4231-becf-1306400b593b,https://southampton.cloud.panopto.eu/Panopto/Pages/Viewer.aspx?id=ff4562aa-7a31-4af3-bd30-aba000dba321
16 April 2020 at 18:22:18,e6d77152-0e33-4f43-8998-ac6200f0f251,00:13:13,fe0aa3a2-51e5-4231-becf-1306400b593b,https://southampton.cloud.panopto.eu/Panopto/Pages/Viewer.aspx?id=e6d77152-0e33-4f43-8998-ac6200f0f251
1.3 Introduction  - Systematic Review,61e8aa14-7d7d-4577-8d53-ab9700d4017b,00:07:20,fe0aa3a2-51e5-4231-becf-1306400b593b,https://southampton.cloud.panopto.eu/Panopto/Pages/Viewer.aspx?id=61e8aa14-7d7d-4577-8d53-ab9700d4017b
Systematic review - Pre introduction - Libguides,0c508286-ff2c-4ce3-abe9-ab9000b7ec54,00:06:44,fe0aa3a2-51e5-4231-becf-1306400b593b,https://southampton.cloud.panopto.eu/Panopto/Pages/Viewer.aspx?id=0c508286-ff2c-4ce3-abe9-ab9000b7ec54
Zoom Training  17 March,58ba44a3-6bfe-4879-b432-ab8200a3f67b,01:15:45,fe0aa3a2-51e5-4231-becf-1306400b593b,https://southampton.cloud.panopto.eu/Panopto/Pages/Viewer.aspx?id=58ba44a3-6bfe-4879-b432-ab8200a3f67b
Data Management Plan: Why Plan?,73430e18-6670-4801-92f5-ab6f00f70fad,00:45:49,fe0aa3a2-51e5-4231-becf-1306400b593b,https://southampton.cloud.panopto.eu/Panopto/Pages/Viewer.aspx?id=73430e18-6670-4801-92f5-ab6f00f70fad
Database Orientation Programme Introduction,95963c76-21cf-441b-95ec-ab6f00f04086,00:00:40,fe0aa3a2-51e5-4231-becf-1306400b593b,https://southampton.cloud.panopto.eu/Panopto/Pages/Viewer.aspx?id=95963c76-21cf-441b-95ec-ab6f00f04086
1.1 Guidelines for reporting Systematic Reviews,1471851f-c523-414d-b0c0-ab2700f6b4c2,00:05:49,fe0aa3a2-51e5-4231-becf-1306400b593b,https://southampton.cloud.panopto.eu/Panopto/Pages/Viewer.aspx?id=1471851f-c523-414d-b0c0-ab2700f6b4c2
Chat training,435f0b52-aef1-4b75-bd2a-ab82010650f8,00:31:53,fe0aa3a2-51e5-4231-becf-1306400b593b,https://southampton.cloud.panopto.eu/Panopto/Pages/Viewer.aspx?id=435f0b52-aef1-4b75-bd2a-ab82010650f8
Finding information for your final year project16 October 2019 at 11:47:51,1cc40269-497b-49c7-84c4-aae800b61d30,00:44:39,fe0aa3a2-51e5-4231-becf-1306400b593b,https://southampton.cloud.panopto.eu/Panopto/Pages/Viewer.aspx?id=1cc40269-497b-49c7-84c4-aae800b61d30
FEEG3003 - 30 September 2019 Fiona Nichols,b0ac5145-7efc-42f8-a88d-aad800c6b173,00:42:45,fe0aa3a2-51e5-4231-becf-1306400b593b,https://southampton.cloud.panopto.eu/Panopto/Pages/Viewer.aspx?id=b0ac5145-7efc-42f8-a88d-aad800c6b173
Installing a referencing style into EndNote for pc,cfa41371-0c1f-477e-9a61-aaa800f4fb7f,00:02:50,fe0aa3a2-51e5-4231-becf-1306400b593b,https://southampton.cloud.panopto.eu/Panopto/Pages/Viewer.aspx?id=cfa41371-0c1f-477e-9a61-aaa800f4fb7f
"Introduction from Dr Steven Vidovic, University of Southampton",c6bf0fa2-7265-47b2-9cff-aa3a00c6f208,00:07:43,fe0aa3a2-51e5-4231-becf-1306400b593b,https://southampton.cloud.panopto.eu/Panopto/Pages/Viewer.aspx?id=c6bf0fa2-7265-47b2-9cff-aa3a00c6f208
02 April 2019 at 12:03:56,3766df60-2fc1-40f6-bc89-aa2300f1c89a,00:34:20,fe0aa3a2-51e5-4231-becf-1306400b593b,https://southampton.cloud.panopto.eu/Panopto/Pages/Viewer.aspx?id=3766df60-2fc1-40f6-bc89-aa2300f1c89a
Referencing and avoiding plagiarism 2,cf6636ae-9e90-4b30-8080-aa7e00fe0a0c,00:21:39,fe0aa3a2-51e5-4231-becf-1306400b593b,https://southampton.cloud.panopto.eu/Panopto/Pages/Viewer.aspx?id=cf6636ae-9e90-4b30-8080-aa7e00fe0a0c
Global Digimap & DigiScience presentation (28th November 2018),100bfe64-ab75-4473-be83-a9a600af68d1,01:06:48,fe0aa3a2-51e5-4231-becf-1306400b593b,https://southampton.cloud.panopto.eu/Panopto/Pages/Viewer.aspx?id=100bfe64-ab75-4473-be83-a9a600af68d1
COMP3200-FN-16 October 2018 at 11:53:10,d0866e9a-a911-467c-b594-c9936b714bbd,00:44:22,fe0aa3a2-51e5-4231-becf-1306400b593b,https://southampton.cloud.panopto.eu/Panopto/Pages/Viewer.aspx?id=d0866e9a-a911-467c-b594-c9936b714bbd
FEEG3003-LibrarySkills-04 October 2018 at 10:54:09,bd5d5a0c-7a12-4c17-a465-4b787ab51244,00:42:08,fe0aa3a2-51e5-4231-becf-1306400b593b,https://southampton.cloud.panopto.eu/Panopto/Pages/Viewer.aspx?id=bd5d5a0c-7a12-4c17-a465-4b787ab51244
17 April 2018 at 16:42:01,1f4e0bb8-b0c5-452a-a1a2-69c6ab27faa3,00:02:41,fe0aa3a2-51e5-4231-becf-1306400b593b,https://southampton.cloud.panopto.eu/Panopto/Pages/Viewer.aspx?id=1f4e0bb8-b0c5-452a-a1a2-69c6ab27faa3
Citation searching 24 August 2017 at 11:10:15,9d6fafb9-82ed-4fe9-9439-ad8b7b594e5a,00:07:43,fe0aa3a2-51e5-4231-becf-1306400b593b,https://southampton.cloud.panopto.eu/Panopto/Pages/Viewer.aspx?id=9d6fafb9-82ed-4fe9-9439-ad8b7b594e5a
Subject/thesarus searching v2 24 August 2017 at 10:23:46,a2e8c05a-d7e9-4023-a21e-0d74cd9fa446,00:05:44,fe0aa3a2-51e5-4231-becf-1306400b593b,https://southampton.cloud.panopto.eu/Panopto/Pages/Viewer.aspx?id=a2e8c05a-d7e9-4023-a21e-0d74cd9fa446
Current Awareness 22 September 2016 at 16:12:17,0c8c4985-29f5-49ef-b234-9ab1404583a2,00:03:50,fe0aa3a2-51e5-4231-becf-1306400b593b,https://southampton.cloud.panopto.eu/Panopto/Pages/Viewer.aspx?id=0c8c4985-29f5-49ef-b234-9ab1404583a2
Dissertation Writing Workshop(JF) 22 April 2016 at 12:15:18,88e8f249-67ec-4e01-9ec8-15fb227edea5,00:00:50,fe0aa3a2-51e5-4231-becf-1306400b593b,https://southampton.cloud.panopto.eu/Panopto/Pages/Viewer.aspx?id=88e8f249-67ec-4e01-9ec8-15fb227edea5
test,84df816d-3387-43c2-8aff-3f430c20843e,00:00:43,fe0aa3a2-51e5-4231-becf-1306400b593b,https://southampton.cloud.panopto.eu/Panopto/Pages/Viewer.aspx?id=84df816d-3387-43c2-8aff-3f430c20843e
ECON6001 Economics Taught Masters Induction 09 November 2015,4353068b-2fdc-42b3-b9be-e8c22e191ed7,00:22:03,fe0aa3a2-51e5-4231-becf-1306400b593b,https://southampton.cloud.panopto.eu/Panopto/Pages/Viewer.aspx?id=4353068b-2fdc-42b3-b9be-e8c22e191ed7
FEEG3003 Year 3 Individual Projects 01 October 2015,a7779f38-ab89-4d2c-958f-58432228a2b0,00:35:35,fe0aa3a2-51e5-4231-becf-1306400b593b,https://southampton.cloud.panopto.eu/Panopto/Pages/Viewer.aspx?id=a7779f38-ab89-4d2c-958f-58432228a2b0
data-viewpoint-1,75d8823d-b8d6-4522-9062-0a68db8ef82c,00:41:43,fe0aa3a2-51e5-4231-becf-1306400b593b,https://southampton.cloud.panopto.eu/Panopto/Pages/Viewer.aspx?id=75d8823d-b8d6-4522-9062-0a68db8ef82c
TEST19 June 2015 at 10:12:02,f508d323-2d59-4999-93d9-57e55fc02dfe,00:00:35,fe0aa3a2-51e5-4231-becf-1306400b593b,https://southampton.cloud.panopto.eu/Panopto/Pages/Viewer.aspx?id=f508d323-2d59-4999-93d9-57e55fc02dfe
"Scientific Journals, Peer Review and How to Write a Great Research Paper 18 May 2015",7f7bc558-f52f-4afb-97de-ec10ff1ebfe5,02:26:57,fe0aa3a2-51e5-4231-becf-1306400b593b,https://southampton.cloud.panopto.eu/Panopto/Pages/Viewer.aspx?id=7f7bc558-f52f-4afb-97de-ec10ff1ebfe5
FEE MSCs Referencing and Endnote 06 November 2014,416db33e-99c4-483b-b582-f4077289a114,00:45:17,fe0aa3a2-51e5-4231-becf-1306400b593b,https://southampton.cloud.panopto.eu/Panopto/Pages/Viewer.aspx?id=416db33e-99c4-483b-b582-f4077289a114
EndNote Basic 09 July 2012 at 13:22:52,44eea507-193d-46d0-8ecf-68d1e537de61,02:00:50,fe0aa3a2-51e5-4231-becf-1306400b593b,https://southampton.cloud.panopto.eu/Panopto/Pages/Viewer.aspx?id=44eea507-193d-46d0-8ecf-68d1e537de61
